User ID,Device Model,Operating System,App Usage Time (min/day),Screen On Time (hours/day),Battery Drain (mAh/day),Number of Apps Installed,Data Usage (MB/day),Age,Gender,User Behavior Class
1.0,Google Pixel 5,Android,393.0,6.4,1872.0,67,1122,,Male,4
2.0,OnePlus 9,,268.0,4.7,1331.0,42,944,4778.0,Female,3
3.0,Xiaomi Mi 11,Android,154.0,4.0,761.0,32,322,42.0,Male,2
4.0,Google Pixel 5,Android,239.0,4.8,1676.0,56,871,20.0,Male,3
5.0,iPhone 12,iOS,187.0,4.3,1367.0,58,988,31.0,Female,3
6.0,Google Pixel 5,Android,99.0,2.0,940.0,35,564,31.0,Male,2
7.0,Samsung Galaxy S21,Android,350.0,7.3,1802.0,66,1054,21.0,Female,4
8.0,OnePlus 9,Android,543.0,11.4,2956.0,82,1702,31.0,Male,5
9.0,Samsung Galaxy S21,Android,340.0,7.7,,75,1053,42.0,Female,4
10.0,,iOS,424.0,6.6,1957.0,75,1301,42.0,Male,4
11.0,Google Pixel 5,Android,53.0,1.4,435.0,17,162,34.0,Female,1
12.0,OnePlus 9,Android,215.0,5.5,1690.0,47,641,24.0,Male,3
13.0,OnePlus 9,Android,462.0,6.2,2303.0,65,1099,57.0,Female,4
14.0,Xiaomi Mi 11,Android,215.0,4.9,1662.0,43,857,43.0,Male,3
15.0,iPhone 12,iOS,189.0,5.4,1754.0,53,779,49.0,Female,3
16.0,,Android,503.0,10.4,2571.0,84,2025,39.0,Female,5
17.0,OnePlus 9,Android,132.0,3.6,628.0,32,344,47.0,Female,2
18.0,iPhone 12,iOS,299.0,5.8,1431.0,41,985,44.0,Female,3
19.0,Google Pixel 5,Android,81.0,1.4,558.0,16,297,26.0,Female,1
20.0,iPhone 12,iOS,577.0,8.5,2774.0,89,2192,29.0,Female,5
21.0,Samsung Galaxy S21,Android,93.0,2.6,681.0,37,302,45.0,Female,2
22.0,OnePlus 9,Android,576.0,11.6,2803.0,82,1553,43.0,Female,5
23.0,Samsung Galaxy S21,Android,423.0,,2094.0,65,1372,23.0,Female,4
24.0,Google Pixel 5,,292.0,5.6,1401.0,46,36062,37.0,Female,3
25.0,OnePlus 9,Android,,4.0,1711.0,59,748,58.0,Male,3
26.0,Samsung Galaxy S21,Android,91.0,3.4,1073.0,38,451,52.0,Male,2
27.0,iPhone 12,iOS,444.0,7.6,2372.0,77,1002,29.0,Male,4
28.0,Google Pixel 5,Android,512.0,10.5,2409.0,89,1599,33.0,Male,5
29.0,OnePlus 9,Android,452.0,,2387.0,77,1456,55.0,Female,4
30.0,Samsung Galaxy S21,Android,412.0,6.2,1899.0,78,1384,19.0,Female,4
31.0,,Android,260.0,6.0,1361.0,44,889,37.0,Female,3
32.0,Xiaomi Mi 11,Android,197.0,4.6,1660.0,59,975,25.0,Male,3
33.0,Google Pixel 5,Android,278.0,4.7,1484.0,55,917,21.0,Male,3
34.0,Google Pixel 5,Android,46.0,2.0,457.0,14,105,58.0,Male,1
35.0,Xiaomi Mi 11,Android,593.0,10.2,2499.0,81,1616,38.0,Female,5
36.0,Samsung Galaxy S21,Android,32.0,1.2,580.0,19,153,20.0,Female,1
37.0,iPhone 12,iOS,122.0,3.3,755.0,30,573,26.0,Male,2
38.0,Samsung Galaxy S21,Android,522.0,11.2,2808.0,93,2328,24.0,Male,5
39.0,OnePlus 9,Android,473.0,6.4,2312.0,74,1400,40.0,Male,4
40.0,Samsung Galaxy S21,Android,398.0,6.2,1851.0,77,1180,23.0,Male,4
41.0,Xiaomi Mi 11,Android,240.0,4.7,1464.0,52,708,56.0,Female,3
42.0,OnePlus 9,Android,576.0,10.1,2447.0,83,2323,33.0,Male,5
43.0,Samsung Galaxy S21,Android,120.0,2.1,720.0,39,392,43.0,Male,2
44.0,Samsung Galaxy S21,Android,152.0,3.7,993.0,32,429,18.0,Male,2
45.0,Xiaomi Mi 11,Android,138.0,2.4,837.0,21,572,56.0,Female,2
46.0,Xiaomi Mi 11,Android,,10.9,2476.0,96,1935,39.0,Male,5
,OnePlus 9,Android,558.0,8.4,2447.0,97,1594,22.0,Female,5
48.0,Samsung Galaxy S21,Android,138.0,3.6,889.0,25,323,27.0,Female,2
49.0,Google Pixel 5,,580.0,8.2,2623.0,90,2262,49.0,Male,5
50.0,,Android,589.0,8.7,2736.0,82,1997,49.0,Male,5
51.0,Xiaomi Mi 11,Android,452.0,7.4,2180.0,61,1417,54.0,Female,4
52.0,Xiaomi Mi 11,Android,245.0,,1243.0,52,885,29.0,Male,3
53.0,Samsung Galaxy S21,Android,125.0,2.7,690.0,1260,393,27.0,Female,2
54.0,Xiaomi Mi 11,Android,97.0,2.2,1101.0,38,375,53.0,Male,2
55.0,Google Pixel 5,Android,516.0,8.7,2857.0,83,2189,53.0,Female,5
56.0,,iOS,68.0,1.6,450.0,14,111,30.0,Male,1
57.0,,Android,64.0,1.1,572.0,10,161,42.0,Female,1
,OnePlus 9,Android,539.0,8.4,2796.0,89,2415,26.0,Male,5
59.0,Xiaomi Mi 11,Android,428.0,7.0,2306.0,75,1144,22.0,Male,4
60.0,iPhone 12,iOS,325.0,7.1,2269.0,64,1053,56.0,Male,4
61.0,Xiaomi Mi 11,Android,522.0,11.9,2798.0,85,1663,28.0,Female,5
62.0,Xiaomi Mi 11,Android,309.0,7.5,2292.0,77,1253,57.0,Female,4
63.0,Xiaomi Mi 11,Android,79.0,1.9,493.0,14,128,55.0,Male,1
64.0,Xiaomi Mi 11,Android,545.0,11.5,2911.0,87,1717,21.0,Female,5
,Samsung Galaxy S21,Android,459.0,7.0,1982.0,67,1091,43.0,Male,4
66.0,iPhone 12,iOS,225.0,4.0,1420.0,48,917,56.0,Male,3
67.0,iPhone 12,iOS,257.0,4.5,1705.0,57,912,55.0,Male,3
68.0,Xiaomi Mi 11,Android,134.0,4.0,773.0,35,449,28.0,Female,2
69.0,iPhone 12,iOS,,10.2,2932.0,98,1547,31.0,Male,5
,Google Pixel 5,Android,82.0,1.7,558.0,16,284,29.0,Female,1
71.0,Samsung Galaxy S21,Android,452.0,7.2,1808.0,64,1090,45.0, Male,4
72.0,iPhone 12,iOS,521.0,9.0,2902.0,97,1701,37.0, Male,5
73.0,Google Pixel 5,,457.0,6.3,2347.0,66,1082,1716.0, Male,4
74.0,Xiaomi Mi 11,Android,31.0,1.1,585.0,11,208,50.0, Male,1
75.0,iPhone 12,iOS,47.0,2.0,476.0,14,125,39.0, Male,1
76.0,Xiaomi Mi 11,Android,229.0,5.7,1305.0,43,985,23.0, Male,3
77.0,Xiaomi Mi 11,Android,34.0,2.0,558.0,14,122,54.0, Male,1
78.0,Google Pixel 5,,173.0,2.5,678.0,29,301,30.0, Male,2
79.0,Samsung Galaxy S21,Android,78.0,1.8,333.0,17,138,51.0, Male,1
80.0,Google Pixel 5,Android,230.0,5.7,1254.0,52,989,34.0, Male,3
81.0,OnePlus 9,Android,565.0,,2475.0,99,1603,51.0, Male,5
82.0,iPhone 12,iOS,172.0,2.8,1035.0,22,549,41.0, Male,2
83.0,Xiaomi Mi 11,Android,330.0,7.2,2363.0,77,1133,21.0, Male,4
84.0,Xiaomi Mi 11,Android,39.0,1.8,368.0,11,105,19.0, Male,1
85.0,Google Pixel 5,Android,223.0,4.5,1311.0,56,695,33.0, Male,3
86.0,Google Pixel 5,Android,404.0,,2081.0,63,1352,44.0, Male,4
87.0,Samsung Galaxy S21,Android,151.0,2.4,1003.0,25,392,39.0, Male,2
88.0,Samsung Galaxy S21,Android,34.0,1.5,345.0,11,276,44.0, Male,1
89.0,Xiaomi Mi 11,,137.0,3.3,839.0,31,348,34.0, Male,2
90.0,Samsung Galaxy S21,Android,301.0,6.2,2053.0,75,1303,45.0, Male,4
91.0,Google Pixel 5,Android,116.0,2.1,912.0,39,307,3120.0, Male,2
92.0,Google Pixel 5,Android,291.0,4.1,1474.0,46,827,32.0, Male,3
93.0,iPhone 12,iOS,84.0,1.4,501.0,16,284,56.0, Male,1
94.0,iPhone 12,iOS,134.0,2.5,1125.0,24,367,35.0, Male,2
95.0,Samsung Galaxy S21,Android,411.0,7.5,2169.0,72,1083,58.0, Male,4
96.0,Xiaomi Mi 11,Android,326.0,7.2,2243.0,73,1454,50.0, Male,4
97.0,iPhone 12,iOS,550.0,9.5,2916.0,91,1946,20.0, Male,5
98.0,OnePlus 9,Android,516.0,12.0,2406.0,82,1968,28.0, Male,5
99.0,Google Pixel 5,Android,,1.2,361.0,18,293,25.0, Male,1
100.0,OnePlus 9,Android,225.0,5.5,1526.0,44,875,50.0, Male,3
101.0,Google Pixel 5,Android,41.0,,389.0,15,136,53.0, Male,1
102.0,OnePlus 9,Android,183.0,4.1,1210.0,45,738,19.0,Male,3
103.0,,Android,174.0,2.5,929.0,37,565,32.0,Female,2
104.0,Xiaomi Mi 11,Android,274.0,4.2,1781.0,52,934,28.0,Male,3
105.0,Xiaomi Mi 11,Android,166.0,2.8,1113.0,28,360,25.0,Male,2
106.0,Xiaomi Mi 11,Android,66.0,1.2,585.0,12,264,36.0,Male,1
107.0,Google Pixel 5,Android,152.0,2.7,642.0,38,596,55.0,Male,2
108.0,Google Pixel 5,Android,54.0,1.4,403.0,17,278,23.0,Female,1
109.0,Xiaomi Mi 11,Android,187.0,5.5,1754.0,55,711,50.0,Female,3
110.0,OnePlus 9,Android,216.0,6.0,1641.0,41,889,39.0,Female,3
111.0,OnePlus 9,Android,95.0,3.8,718.0,26,459,41.0,Female,2
112.0,Xiaomi Mi 11,Android,488.0,8.6,2447.0,84,2344,19.0,Male,5
113.0,Google Pixel 5,Android,295.0,5.1,1483.0,45,748,27.0,Female,3
114.0,Samsung Galaxy S21,Android,136.0,3.2,818.0,33,404,42.0,Male,2
115.0,Xiaomi Mi 11,Android,471.0,7.9,2156.0,76,1324,54.0,Female,4
116.0,iPhone 12,iOS,121.0,3.2,651.0,34,596,39.0,Male,2
117.0,,iOS,1575.0,1.2,409.0,13,281,18.0,Male,1
118.0,iPhone 12,iOS,220.0,5.2,1631.0,49,909,27.0,Female,3
119.0,Samsung Galaxy S21,Android,82.0,1.6,590.0,13,124,28.0,Female,1
120.0,Google Pixel 5,Android,97.0,72.9,1018.0,37,428,41.0,Male,2
121.0,Samsung Galaxy S21,Android,388.0,6.6,2085.0,71,1150,45.0,female ,4
122.0,OnePlus 9,Android,11109.0,,2484.0,89,2189,39.0,female ,5
123.0,Google Pixel 5,Android,584.0,10.0,2541.0,99,2391,49.0,female ,5
124.0,Google Pixel 5,Android,529.0,8.1,2686.0,96,1924,35.0,female ,5
125.0,Google Pixel 5,Android,227.0,5.1,1702.0,57,714,21.0,female ,3
126.0,Samsung Galaxy S21,Android,535.0,11.8,2858.0,99,2378,50.0,female ,5
127.0,iPhone 12,iOS,332.0,7.4,2149.0,68,1321,20.0,female ,4
128.0,Google Pixel 5,Android,252.0,4.2,1439.0,45,667,50.0,female ,3
5934.0,Xiaomi Mi 11,Android,125.0,2.5,678.0,34,465,31.0,female ,2
130.0,Xiaomi Mi 11,Android,97.0,3.3,751.0,39,412,36.0,female ,2
131.0,,Android,540.0,10.8,2923.0,90,1886,40.0,female ,5
132.0,Xiaomi Mi 11,Android,320.0,,2056.0,69,1226,52.0,female ,4
133.0,Google Pixel 5,Android,176.0,3.6,1193.0,30,458,40.0,female ,2
134.0,Samsung Galaxy S21,Android,79.0,1.0,313.0,18,139,42.0,female ,1
135.0,Xiaomi Mi 11,Android,83.0,1.6,303.0,19,285,51.0,female ,1
136.0,iPhone 12,iOS,555.0,11.3,2528.0,90,1856,55.0,female ,5
137.0,Samsung Galaxy S21,Android,66.0,1.7,375.0,16,216,39.0,female ,1
138.0,Xiaomi Mi 11,Android,237.0,4.5,1368.0,42,868,24.0,female ,3
139.0,,Android,497.0,9.7,2876.0,94,2076,18.0,female ,5
140.0,Google Pixel 5,Android,516.0,11.1,2429.0,91,1796,53.0,female ,5
141.0,Xiaomi Mi 11,Android,219.0,5.2,117780.0,42,655,50.0,female ,3
142.0,Google Pixel 5,Android,448.0,6.3,2044.0,71,1337,51.0,female ,4
143.0,iPhone 12,iOS,156.0,2.2,896.0,37,429,57.0,female ,2
144.0,Samsung Galaxy S21,Android,68.0,1.1,528.0,12,201,29.0,female ,1
145.0,iPhone 12,iOS,524.0,11.2,2417.0,90,2069,29.0,female ,5
146.0,iPhone 12,iOS,188.0,5.3,1281.0,45,974,35.0,female ,3
147.0,Samsung Galaxy S21,Android,443.0,7.4,2289.0,73,1026,33.0,female ,4
148.0,Xiaomi Mi 11,Android,52.0,1.6,385.0,19,234,24.0,female ,1
149.0,OnePlus 9,Android,228.0,4.2,1677.0,58,823,56.0,female ,3
150.0,Google Pixel 5,Android,149.0,3.7,873.0,34,459,51.0,female ,2
,iPhone 12,iOS,523.0,9.4,2583.0,92,1539,21.0,female ,5
152.0,Samsung Galaxy S21,Android,42.0,,315.0,19,207,52.0,Female,1
153.0,Google Pixel 5,Android,120.0,2.0,741.0,38,396,56.0,Female,2
154.0,OnePlus 9,Android,329.0,7.5,2277.0,72,1185,27.0,Female,4
155.0,Xiaomi Mi 11,Android,68.0,1.5,364.0,10,102,31.0,Female,1
156.0,Xiaomi Mi 11,Android,158.0,,893.0,36,493,32.0,Male,2
157.0,Xiaomi Mi 11,Android,86.0,1.7,439.0,19,136,54.0,Male,1
158.0,Xiaomi Mi 11,Android,339.0,7.8,2102.0,71,1062,51.0,Male,4
159.0,Samsung Galaxy S21,Android,304.0,6.5,2375.0,79,1493,51.0,Male,4
,Xiaomi Mi 11,Android,131.0,2.4,859.0,26,305,40.0,Male,2
161.0,Samsung Galaxy S21,Android,64.0,,540.0,19,262,35.0,Female,1
162.0,Xiaomi Mi 11,Android,53.0,1.9,526.0,15,112,42.0,Male,1
163.0,Google Pixel 5,Android,442.0,7.7,2067.0,69,1440,45.0,Male,4
164.0,iPhone 12,iOS,32.0,2.0,469.0,18,139,22.0,Male,1
165.0,Xiaomi Mi 11,Android,278.0,4.8,1238.0,48,851,43.0,Female,3
166.0,Xiaomi Mi 11,Android,540.0,8.4,2993.0,98,1540,49.0,Female,5
,Google Pixel 5,Android,595.0,11.3,2968.0,88,2366,30.0,Male,5
168.0,Google Pixel 5,Android,35.0,1.5,467.0,10,158,58.0,Male,1
169.0,Google Pixel 5,Android,225.0,5.4,1370.0,44,791,55.0,Female,3
170.0,Google Pixel 5,Android,587.0,11.8,2431.0,90,1894,47.0,Male,5
171.0,Xiaomi Mi 11,Android,92.0,3.7,1124.0,27,524,44.0,Male,2
172.0,Google Pixel 5,Android,46.0,1.1,487.0,17,208,23.0,Male,1
173.0,OnePlus 9,Android,,2.8,72930.0,25,578,37.0,Female,2
174.0,iPhone 12,iOS,368.0,6.6,1817.0,72,1406,27.0,Female,4
175.0,Xiaomi Mi 11,Android,51.0,1.6,509.0,11,113,29.0,Female,1
176.0,Google Pixel 5,Android,279.0,5.2,1660.0,47,629,50.0,Female,3
177.0,,Android,,5.4,1738.0,42,826,21.0,Male,3
178.0,Samsung Galaxy S21,Android,193.0,5.7,1471.0,51,972,31.0,Female,3
179.0,Xiaomi Mi 11,Android,207.0,5.7,1582.0,52,692,38.0,Male,3
180.0,iPhone 12,iOS,539.0,11.9,2853.0,83,2007,55.0,Male,5
181.0,OnePlus 9,Android,151.0,2.4,1124.0,38,571,33.0,Male,2
182.0,Google Pixel 5,,474.0,6.4,2109.0,68,1079,24.0,Male,4
183.0,iPhone 12,iOS,544.0,9.2,2936.0,83,2416,47.0,Female,5
184.0,iPhone 12,iOS,73.0,1.2,308.0,15,275,39.0,Female,1
185.0,Xiaomi Mi 11,Android,597.0,10.4,2984.0,91,1564,34.0,Female,5
186.0,Google Pixel 5,Android,498.0,10.7,2738.0,94,1995,42.0,Male,5
187.0,iPhone 12,iOS,402.0,7.8,2014.0,79,1088,34.0,Female,4
188.0,OnePlus 9,Android,75.0,1.1,379.0,15,185,37.0,Male,1
189.0,iPhone 12,,130.0,2.0,602.0,21,589,30.0,Female,2
190.0,Samsung Galaxy S21,Android,42.0,1.1,402.0,11,265,32.0,Female,1
191.0,iPhone 12,iOS,134.0,2.2,917.0,23,423,23.0,Male,2
192.0,Google Pixel 5,Android,79.0,1.9,477.0,13,161,24.0,Male,1
193.0,iPhone 12,iOS,432.0,7.2,1822.0,63,1127,59.0,Female,4
194.0,,iOS,262.0,4.1,1287.0,52,997,36.0,Male,3
195.0,Samsung Galaxy S21,Android,473.0,6.4,2109.0,79,1300,23.0,Female,4
196.0,Google Pixel 5,Android,202.0,4.7,1512.0,49,659,45.0,Female,3
197.0,OnePlus 9,Android,215.0,4.4,1407.0,41,991,47.0,Male,3
198.0,OnePlus 9,Android,151.0,3.7,1116.0,32,320,41.0,Female,2
199.0,OnePlus 9,Android,80.0,1.6,549.0,14,197,19.0,Male,1
200.0,Xiaomi Mi 11,Android,126.0,2.8,971.0,32,431,35.0,Female,2
201.0,Samsung Galaxy S21,Android,495.0,8.9,2920.0,84,2252,31.0,Female,5
202.0,iPhone 12,iOS,127.0,3.7,1153.0,35,314,37.0,Female,2
203.0,Xiaomi Mi 11,Android,88.0,1.3,327.0,11,262,22.0,Male,1
204.0,Google Pixel 5,Android,69.0,1.6,463.0,16,146,27.0,Male,1
205.0,OnePlus 9,Android,100.0,3.3,961.0,21,433,25.0,Male,2
206.0,Xiaomi Mi 11,Android,301.0,,2084.0,71,1421,29.0,Male,4
207.0,Google Pixel 5,Android,78.0,1.7,455.0,15,207,2886.0,Female,1
208.0,Google Pixel 5,Android,163.0,3.1,620.0,945,419,23.0,Male,2
209.0,OnePlus 9,Android,539.0,9.3,2606.0,92,1990,41.0,Male,5
210.0,Google Pixel 5,Android,278.0,4.6,1385.0,47,823,40.0,Female,3
211.0,Samsung Galaxy S21,Android,451.0,6.1,2108.0,76,1434,25.0,Female,4
212.0,Samsung Galaxy S21,Android,481.0,10.9,2752.0,86,2017,18.0,Male,5
213.0,Samsung Galaxy S21,Android,133.0,3.4,714.0,38,445,25.0,Male,2
214.0,Xiaomi Mi 11,Android,,1.1,588.0,10,246,22.0,Male,1
215.0,iPhone 12,,152.0,3.3,1175.0,29,461,42.0,Female,2
216.0,OnePlus 9,,553.0,8.4,2559.0,89,2471,51.0,Male,5
217.0,iPhone 12,iOS,402.0,6.9,2282.0,78,1397,40.0,Male,4
218.0,OnePlus 9,Android,555.0,9.5,2855.0,95,1565,24.0,Male,5
219.0,,iOS,499.0,9.6,2873.0,81,1805,52.0,Female,5
220.0,Xiaomi Mi 11,Android,101.0,,603.0,28,417,43.0,Male,2
221.0,OnePlus 9,Android,433.0,6.8,2093.0,75,1300,32.0,Male,4
222.0,OnePlus 9,Android,133.0,2.0,1007.0,31,417,32.0,Male,2
223.0,Xiaomi Mi 11,Android,351.0,6.1,1941.0,79,1290,21.0,Female,4
224.0,Samsung Galaxy S21,Android,532.0,10.7,2556.0,83,2148,53.0,Female,5
225.0,OnePlus 9,Android,92.0,2.5,690.0,31,563,27.0,Male,2
226.0,Xiaomi Mi 11,Android,511.0,10.8,2712.0,97,2438,59.0,Female,5
227.0,Xiaomi Mi 11,Android,384.0,,2185.0,72,1376,59.0,Male,4
228.0,iPhone 12,iOS,193.0,5.2,1318.0,49,626,32.0,Female,3
229.0,Samsung Galaxy S21,Android,132.0,3.8,649.0,25,368,41.0,Male,2
230.0,Samsung Galaxy S21,Android,360.0,7.3,1946.0,79,1164,50.0,Male,4
231.0,iPhone 12,iOS,159.0,2.3,1083.0,32,526,38.0,Male,2
232.0,,iOS,495.0,8.9,2855.0,91,2150,31.0,Male,5
233.0,Xiaomi Mi 11,Android,537.0,10.0,2720.0,83,1763,35.0,Male,5
234.0,OnePlus 9,Android,129.0,3.4,1059.0,27,580,36.0,Female,2
235.0,iPhone 12,iOS,,,636.0,28,529,53.0,Male,2
236.0,Xiaomi Mi 11,Android,37.0,1.4,369.0,18,295,19.0,Female,1
237.0,Samsung Galaxy S21,Android,,8.9,2549.0,88,1730,20.0,Female,5
238.0,OnePlus 9,Android,425.0,6.9,2142.0,66,1130,19.0,Female,4
239.0,OnePlus 9,Android,64.0,1.7,585.0,13,107,53.0,Male,1
240.0,iPhone 12,iOS,573.0,10.8,2711.0,96,2118,33.0,Female,5
241.0,Google Pixel 5,Android,45.0,1.7,302.0,16,191,57.0,Female,1
242.0,Xiaomi Mi 11,Android,564.0,11.7,2764.0,81,2133,37.0,Female,5
243.0,OnePlus 9,Android,162.0,3.5,761.0,1620,338,51.0,Male,2
244.0,Samsung Galaxy S21,Android,451.0,6.5,2378.0,69,1341,44.0,Male,4
245.0,OnePlus 9,Android,30.0,1.3,479.0,16,253,35.0,Male,1
246.0,Samsung Galaxy S21,Android,4242.0,5.0,1542.0,45,844,29.0,Male,3
247.0,Google Pixel 5,Android,71.0,1.5,590.0,17,257,33.0,Male,1
248.0,Google Pixel 5,Android,314.0,6.2,2205.0,63,1066,19.0,Male,4
249.0,Xiaomi Mi 11,Android,168.0,4.0,866.0,22,581,50.0,Female,2
250.0,Google Pixel 5,Android,75.0,1.9,537.0,13,230,58.0,Female,1
251.0,OnePlus 9,Android,42.0,37.8,324.0,13,272,29.0,Female,1
252.0,OnePlus 9,Android,441.0,7.9,2332.0,78,1477,23.0,Female,4
253.0,Google Pixel 5,Android,523.0,10.5,2460.0,99,1787,22.0,Male,5
254.0,Xiaomi Mi 11,Android,,2.4,982.0,31,478,48.0,Female,2
255.0,OnePlus 9,Android,52.0,1.2,398.0,14,172,24.0,Female,1
256.0,OnePlus 9,Android,397.0,7.0,2352.0,77,1101,46.0,Female,4
257.0,Xiaomi Mi 11,Android,424.0,7.7,1863.0,65,1116,52.0,Male,4
258.0,Xiaomi Mi 11,Android,272.0,5.0,1655.0,45,686,19.0,Female,3
259.0,Xiaomi Mi 11,Android,201.0,4.0,1791.0,50,914,18.0,Male,3
260.0,Xiaomi Mi 11,Android,570.0,9.0,2613.0,98,2497,49.0,Female,5
261.0,Xiaomi Mi 11,Android,64.0,1.3,490.0,14,151,43.0,Female,1
262.0,iPhone 12,iOS,334.0,6.6,2394.0,68,1227,46.0,Female,4
263.0,iPhone 12,,518.0,9.6,2954.0,93,2125,34.0,Female,5
264.0,Samsung Galaxy S21,Android,70.0,1.7,359.0,10,109,57.0,Male,1
265.0,,iOS,334.0,6.8,2000.0,77,1079,40.0,Female,4
266.0,Xiaomi Mi 11,Android,563.0,8.4,2849.0,85,1508,25.0,Male,5
267.0,iPhone 12,iOS,181.0,4.1,1608.0,43,752,22.0,Female,3
268.0,OnePlus 9,Android,584.0,9.4,2766.0,84,2151,32.0,Male,5
269.0,Samsung Galaxy S21,Android,208.0,4.7,1642.0,45,861,55.0,Male,3
270.0,Samsung Galaxy S21,Android,381.0,6.6,2160.0,69,1450,20.0,Male,4
271.0,Xiaomi Mi 11,Android,426.0,6.5,1969.0,78,1266,53.0,Female,4
272.0,,Android,284.0,,1360.0,56,888,51.0,Male,3
273.0,Google Pixel 5,Android,105.0,2.2,1002.0,29,453,31.0,Female,2
274.0,Google Pixel 5,Android,179.0,2.3,1014.0,32,588,38.0,Male,2
275.0,iPhone 12,iOS,122.0,2.6,639.0,37,568,35.0,Male,2
276.0,OnePlus 9,Android,501.0,11.9,2702.0,88,1738,49.0,Male,5
277.0,Xiaomi Mi 11,Android,269.0,5.9,1666.0,42,629,32.0,Female,3
278.0,Google Pixel 5,,230.0,4.4,1607.0,52,878,54.0,Male,3
279.0,Xiaomi Mi 11,Android,85.0,1.6,417.0,12,122,47.0,Male,1
280.0,Samsung Galaxy S21,Android,411.0,7.8,2029.0,75,1136,33.0,Female,4
281.0,Samsung Galaxy S21,Android,,1.7,403.0,12,163,51.0,Male,1
282.0,Xiaomi Mi 11,Android,39.0,1.7,530.0,11,268,26.0,Female,1
283.0,iPhone 12,iOS,386.0,7.7,2114.0,72,1209,51.0,Male,4
284.0,Google Pixel 5,Android,49.0,1.3,542.0,16,169,54.0,Female,1
285.0,Google Pixel 5,Android,411.0,6.9,1820.0,70,1024,43.0,Male,4
286.0,OnePlus 9,Android,534.0,10.8,2805.0,90,1538,37.0,Male,5
287.0,,Android,314.0,7.4,2136.0,64,1376,47.0,Female,4
288.0,Xiaomi Mi 11,Android,211.0,4.0,1519.0,54,811,29.0,Female,3
289.0,OnePlus 9,Android,121.0,3.7,619.0,36,473,47.0,Male,2
290.0,Google Pixel 5,Android,84.0,1.2,415.0,10,146,50.0,Male,1
291.0,OnePlus 9,Android,448.0,7.6,2199.0,66,1047,28.0,Male,4
292.0,Google Pixel 5,,55.0,1.6,360.0,19,149,30.0,Male,1
293.0,Google Pixel 5,Android,59.0,1.8,497.0,10,208,36.0,Female,1
294.0,Xiaomi Mi 11,Android,226.0,4.5,1781.0,45,649,27.0,Female,3
295.0,Samsung Galaxy S21,Android,580.0,8.5,2660.0,87,1795,52.0,Male,5
296.0,OnePlus 9,Android,65.0,1.8,481.0,18,130,41.0,Male,1
297.0,OnePlus 9,Android,458.0,6.6,2214.0,67,1163,31.0,Female,4
,iPhone 12,iOS,170.0,2.7,805.0,26,344,53.0,Female,2
299.0,iPhone 12,iOS,264.0,5.2,1641.0,44,778,44.0,Male,3
300.0,Xiaomi Mi 11,Android,122.0,3.3,748.0,35,499,59.0,Female,2
301.0,Xiaomi Mi 11,Android,420.0,6.5,164814.0,65,1314,35.0,Male,4
302.0,iPhone 12,iOS,,4.4,1505.0,59,971,38.0,Female,3
303.0,iPhone 12,iOS,469.0,6.0,2290.0,67,1086,34.0,Female,4
304.0,iPhone 12,iOS,541.0,11.4,2443.0,89,1923,34.0,Female,5
305.0,iPhone 12,iOS,155.0,2.9,1117.0,22,322,19.0,Female,2
306.0,OnePlus 9,Android,106.0,2.8,686.0,32,594,27.0,Male,2
307.0,OnePlus 9,Android,243.0,5.0,1232.0,47,877,43.0,Male,3
308.0,OnePlus 9,Android,410.0,7.5,2176.0,68,1213,45.0,Female,4
309.0,iPhone 12,iOS,285.0,5.1,1226.0,57,666,20.0,Female,3
310.0,OnePlus 9,Android,397.0,6.8,2027.0,66,1167,40.0,Male,4
311.0,Samsung Galaxy S21,Android,230.0,4.2,1507.0,51,868,25.0,Female,3
312.0,iPhone 12,iOS,341.0,7.2,2397.0,68,1055,32.0,Female,4
313.0,Google Pixel 5,Android,132.0,2.9,1054.0,32,563,20.0,Male,2
,Xiaomi Mi 11,Android,130.0,3.0,820.0,21,308,49.0,Female,2
315.0,iPhone 12,iOS,281.0,4.9,1566.0,59,632,29.0,Male,3
316.0,OnePlus 9,Android,74.0,2.0,320.0,11,103,55.0,Female,1
317.0,OnePlus 9,Android,299.0,4.3,1737.0,43,953,42.0,Female,3
318.0,Google Pixel 5,Android,116.0,2.2,827.0,29,434,28.0,Female,2
319.0,OnePlus 9,Android,408.0,6.6,2026.0,63,1076,47.0,Female,4
320.0,Google Pixel 5,Android,508.0,,2590.0,81,2481,51.0,Male,5
,iPhone 12,iOS,227.0,4.4,1275.0,56,984,22.0,Female,3
,Google Pixel 5,Android,274.0,6.0,1489.0,56,666,57.0,Female,3
323.0,Google Pixel 5,Android,347.0,6.3,2001.0,61,1456,21.0,Female,4
324.0,Xiaomi Mi 11,Android,76.0,1.3,490.0,14,156,31.0,Female,1
325.0,,iOS,445.0,7.5,2007.0,78,42370,23.0,Male,4
326.0,OnePlus 9,Android,203.0,4.3,1554.0,54,638,25.0,Female,3
327.0,Samsung Galaxy S21,Android,199.0,6.0,1707.0,57,881,55.0,Male,3
328.0,OnePlus 9,Android,,2.0,574.0,18,127,24.0,Female,1
329.0,OnePlus 9,Android,88.0,1.6,420.0,12,274,31.0,Female,1
330.0,iPhone 12,iOS,541.0,8.3,2865.0,89,1820,42.0,Female,5
331.0,Google Pixel 5,Android,233.0,4.6,1534.0,49,796,21.0,Female,3
332.0,iPhone 12,iOS,176.0,3.8,727.0,36,362,47.0,Female,2
333.0,OnePlus 9,Android,191.0,6.0,1762.0,45,904,54.0,Male,3
334.0,Google Pixel 5,Android,461.0,7.5,2001.0,69,1324,34.0,Female,4
,Samsung Galaxy S21,Android,37.0,1.5,375.0,18,246,46.0,Female,1
336.0,OnePlus 9,Android,531.0,9.8,2905.0,99,1632,45.0,Female,5
337.0,Samsung Galaxy S21,Android,473.0,7.9,2292.0,62,1472,44.0,Male,4
338.0,,Android,30.0,1.3,561.0,15,252,34.0,Male,1
339.0,iPhone 12,iOS,306.0,6.1,2267.0,70,1449,46.0,Male,4
340.0,iPhone 12,iOS,64.0,1.2,590.0,13,155,30.0,Male,1
341.0,iPhone 12,iOS,75.0,1.0,435.0,13,223,43.0,Male,1
342.0,iPhone 12,iOS,597.0,10.3,2718.0,90,1863,26.0,Female,5
343.0,iPhone 12,iOS,529.0,10.5,2971.0,87,1683,56.0,Male,5
344.0,iPhone 12,,290.0,6.0,1533.0,54,645,57.0,Female,3
345.0,iPhone 12,iOS,256.0,5.8,1309.0,52,840,43.0,Male,3
346.0,iPhone 12,iOS,308.0,7.7,1974.0,73,1431,37.0,Female,4
347.0,OnePlus 9,Android,156.0,3.3,1020.0,38,447,57.0,Female,2
348.0,Samsung Galaxy S21,Android,62.0,1.4,542.0,18,266,46.0,Male,1
349.0,Google Pixel 5,Android,156.0,3.8,866.0,34,510,26.0,Male,2
350.0,Samsung Galaxy S21,Android,303.0,7.4,2314.0,66,1387,34.0,Male,4
351.0,Samsung Galaxy S21,Android,,6.9,2111.0,73,1463,54.0,Male,4
352.0,Google Pixel 5,Android,60.0,1.5,593.0,14,281,35.0,Female,1
353.0,Google Pixel 5,Android,225.0,4.6,1230.0,52,954,20.0,Female,3
354.0,Samsung Galaxy S21,Android,379.0,7.5,1823.0,68,1075,53.0,Female,4
355.0,OnePlus 9,,53.0,1.4,455.0,14,106,54.0,Female,1
356.0,Samsung Galaxy S21,Android,30.0,1.9,574.0,19,287,45.0,Male,1
,iPhone 12,iOS,291.0,4.1,1326.0,51,905,55.0,Female,3
,iPhone 12,iOS,488.0,9.5,2840.0,92,1986,48.0,Female,5
359.0,Google Pixel 5,Android,74.0,2.0,366.0,13,253,44.0,Female,1
360.0,,Android,230.0,4.6,1325.0,55,845,54.0,Female,3
361.0,Samsung Galaxy S21,Android,517.0,11.8,2435.0,86,2208,26.0,Male,5
362.0,OnePlus 9,Android,557.0,10.4,2900.0,97,1609,22.0,Male,5
363.0,Xiaomi Mi 11,Android,78.0,1.5,341.0,11,259,38.0,Female,1
364.0,iPhone 12,iOS,321.0,7.9,2159.0,64,1499,45.0,Male,4
365.0,,Android,579.0,8.6,2539.0,84,1935,34.0,Male,5
366.0,OnePlus 9,Android,382.0,7.2,1965.0,67,1341,22.0,Male,4
367.0,Xiaomi Mi 11,Android,516.0,11.6,2464.0,82,1767,29.0,Female,5
368.0,OnePlus 9,Android,598.0,11.2,2876.0,85,2477,58.0,Female,5
369.0,OnePlus 9,Android,102.0,3.9,747.0,36,408,49.0,Female,2
370.0,iPhone 12,iOS,165.0,2.4,816.0,35,503,34.0,Male,2
371.0,iPhone 12,iOS,558.0,9.8,2765.0,83,1548,25.0,Female,5
372.0,Google Pixel 5,Android,561.0,10.6,2547.0,86,1823,22.0,Male,5
373.0,Samsung Galaxy S21,Android,511.0,10.9,2514.0,91,2335,59.0,Female,5
374.0,,Android,560.0,11.3,2947.0,95,1663,25.0,Female,5
375.0,OnePlus 9,Android,69.0,1.3,434.0,12,164,42.0,Male,1
376.0,OnePlus 9,Android,44.0,1.1,41418.0,17,232,26.0,Male,78
377.0,iPhone 12,iOS,,1.7,490.0,17,122,51.0,Female,1
378.0,Google Pixel 5,Android,458.0,6.0,1875.0,63,1072,31.0,Female,4
379.0,Samsung Galaxy S21,Android,525.0,10.8,2445.0,99,1623,57.0,Male,5
380.0,OnePlus 9,Android,106.0,3.0,922.0,22,313,51.0,Male,2
381.0,iPhone 12,iOS,188.0,4.6,1767.0,47,653,34.0,Male,3
382.0,iPhone 12,iOS,493.0,10.4,2453.0,99,1813,39.0,Male,5
383.0,OnePlus 9,Android,84.0,40.5,373.0,19,299,37.0,Female,1
384.0,OnePlus 9,Android,104.0,2.9,653.0,35,322,30.0,Male,2
385.0,Samsung Galaxy S21,Android,,3.0,890.0,38,548,28.0,Male,2
386.0,iPhone 12,iOS,349.0,6.6,2041.0,78,1096,40.0,Female,4
387.0,OnePlus 9,Android,98.0,2.0,925.0,32,457,28.0,Male,2
388.0,,Android,72.0,,461.0,13,199,32.0,Male,1
389.0,Xiaomi Mi 11,,563.0,11.6,2968.0,92,2191,34.0,Female,5
390.0,Xiaomi Mi 11,Android,119.0,2.8,775.0,31,313,50.0,Female,2
391.0,OnePlus 9,Android,311.0,7.9,2231.0,3105,1021,36.0,Male,4
392.0,OnePlus 9,Android,337.0,6.1,1901.0,76,1359,58.0,Male,4
393.0,Samsung Galaxy S21,Android,,3.5,1055.0,29,313,54.0,Male,2
394.0,iPhone 12,iOS,331.0,7.4,2129.0,66,1459,53.0,Male,4
395.0,Google Pixel 5,Android,589.0,9.2,2663.0,84,1774,45.0,Female,5
396.0,Xiaomi Mi 11,Android,472.0,6.8,2288.0,61,1356,52.0,Male,312
397.0,Xiaomi Mi 11,Android,78.0,1.1,437.0,14,143,27.0,Female,1
398.0,iPhone 12,iOS,517.0,11.6,2798.0,90,2175,20.0,Male,5
399.0,OnePlus 9,Android,41.0,1.6,323.0,18,221,43.0,Female,1
400.0,OnePlus 9,Android,49.0,1.5,571.0,10,203,29.0,Male,1
401.0,Xiaomi Mi 11,Android,522.0,11.1,2821.0,86,1891,42.0,Male,5
402.0,Google Pixel 5,Android,97.0,,612.0,36,508,53.0,Male,2
403.0,iPhone 12,iOS,411.0,7.4,1960.0,71,1264,40.0,Male,4
404.0,Samsung Galaxy S21,Android,566.0,8.6,2595.0,89,1657,51.0,Female,5
,iPhone 12,iOS,559.0,8.2,2618.0,84,2102,22.0,Female,5
406.0,Google Pixel 5,Android,478.0,7.3,2340.0,69,1017,43.0,Female,4
407.0,Xiaomi Mi 11,Android,147.0,3.2,994.0,33,567,25.0,Female,2
408.0,,Android,395.0,7.3,2291.0,61,1049,55.0,Female,4
409.0,Samsung Galaxy S21,Android,357.0,7.8,2289.0,74,1242,22.0,Female,4
,Google Pixel 5,Android,405.0,6.9,2366.0,61,1434,51.0,Male,4
411.0,Samsung Galaxy S21,Android,501.0,11.8,2790.0,86,2074,31.0,Female,5
412.0,Xiaomi Mi 11,Android,575.0,,2918.0,88,1928,50.0,Male,5
413.0,OnePlus 9,Android,257.0,5.1,1692.0,46,769,52.0,Female,3
414.0,iPhone 12,iOS,270.0,5.0,1532.0,51,957,35.0,Male,3
415.0,Google Pixel 5,Android,116.0,2.0,1171.0,22,573,33.0,Female,2
416.0,iPhone 12,iOS,98.0,2.3,608.0,24,394,56.0,Male,2
417.0,Xiaomi Mi 11,Android,264.0,5.1,1293.0,52,737,27.0,Female,3
418.0,Samsung Galaxy S21,Android,572.0,11.7,2655.0,91,2481,57.0,Female,5
419.0,Xiaomi Mi 11,Android,202.0,4.9,1549.0,43,964,27.0,Female,3
420.0,iPhone 12,iOS,83.0,1.4,454.0,11,228,46.0,Male,1
421.0,iPhone 12,iOS,32.0,1.4,416.0,12,198,56.0,Male,1
422.0,iPhone 12,,168.0,,716.0,38,414,43.0,Male,2
423.0,iPhone 12,iOS,416.0,6.1,2115.0,71,1041,22.0,Female,4
424.0,Xiaomi Mi 11,Android,46.0,1.1,536.0,18,167,28.0,Female,1
425.0,OnePlus 9,Android,201.0,5.0,1482.0,59,709,24.0,Male,3
426.0,Samsung Galaxy S21,Android,,2.8,1062.0,24,579,37.0,Male,2
427.0,OnePlus 9,Android,98.0,2.4,747.0,36,403,44.0,Female,2
428.0,OnePlus 9,Android,105.0,3.8,967.0,28,489,51.0,Male,2
429.0,Xiaomi Mi 11,Android,94.0,2.3,1033.0,33,369,58.0,Male,2
430.0,Xiaomi Mi 11,Android,540.0,10.1,2757.0,90,2180,37.0,Male,5
431.0,iPhone 12,iOS,266.0,5.5,1238.0,59,839,22.0,Male,3
432.0,iPhone 12,iOS,140.0,3.8,1137.0,36,506,53.0,Male,2
433.0,Google Pixel 5,Android,534.0,10.4,2672.0,90,1702,51.0,Male,5
434.0,OnePlus 9,Android,46.0,2.0,309.0,15,116,42.0,Male,1
435.0,iPhone 12,iOS,581.0,8.4,2591.0,99,2304,58.0,Male,5
436.0,Xiaomi Mi 11,Android,105.0,3.4,798.0,21,467,34.0,Female,2
437.0,OnePlus 9,Android,221.0,4.4,1341.0,46,862,20.0,Male,3
438.0,iPhone 12,iOS,41.0,1.7,408.0,16,11058,34.0,Male,1
439.0,OnePlus 9,Android,105.0,81.0,728.0,24,343,52.0,Female,2
440.0,Google Pixel 5,Android,123.0,3.9,915.0,39,468,18.0,Male,2
441.0,Google Pixel 5,Android,260.0,5.7,1725.0,56,920,36.0,Female,3
442.0,Samsung Galaxy S21,Android,223.0,5.7,1295.0,44,751,39.0,Male,3
443.0,Google Pixel 5,Android,66.0,1.1,505.0,17,218,33.0,Male,1
444.0,iPhone 12,iOS,,4.0,1664.0,48,724,29.0,Female,3
445.0,iPhone 12,iOS,555.0,8.8,2540.0,97,2402,22.0,Male,5
446.0,Samsung Galaxy S21,Android,378.0,7.2,1859.0,61,1318,58.0,Male,4
447.0,OnePlus 9,Android,546.0,8.8,2852.0,81,1641,24.0,Male,5
448.0,Samsung Galaxy S21,Android,234.0,5.2,1604.0,58,919,58.0,Male,3
449.0,Samsung Galaxy S21,Android,152.0,3.0,617.0,22,306,1716.0,Female,2
450.0,Google Pixel 5,Android,34.0,1.2,518.0,10,170,20.0,Female,1
,Samsung Galaxy S21,Android,179.0,3.5,1114.0,30,466,56.0,Male,2
452.0,OnePlus 9,Android,591.0,11.8,2953.0,92,1903,52.0,Male,5
453.0,,Android,120.0,3.3,734.0,35,583,26.0,Male,2
454.0,Google Pixel 5,Android,88.0,1.3,557.0,13,164,43.0,Male,1
455.0,iPhone 12,iOS,143.0,3.9,1160.0,24,398,45.0,Male,2
456.0,iPhone 12,iOS,74.0,1.6,436.0,13,182,27.0,Female,1
457.0,iPhone 12,iOS,74.0,1.6,587.0,15,275,27.0,Female,1
458.0,OnePlus 9,Android,234.0,4.7,1707.0,55,871,46.0,Male,3
459.0,iPhone 12,iOS,56.0,1.0,547.0,10,142,4524.0,Female,1
460.0,OnePlus 9,Android,174.0,2.4,639.0,37,545,50.0,Male,2
461.0,Samsung Galaxy S21,Android,523.0,9.0,2696.0,91,1561,20.0,Female,5
462.0,Samsung Galaxy S21,Android,123.0,3.3,938.0,36,438,55.0,Male,2
463.0,Samsung Galaxy S21,Android,216.0,5.9,1789.0,54,987,55.0,Male,3
464.0,iPhone 12,iOS,290.0,4.6,1694.0,50,809,23.0,Male,3
465.0,Xiaomi Mi 11,Android,68.0,1.3,583.0,10,281,26.0,Female,1
466.0,OnePlus 9,,265.0,4.8,1770.0,51,723,55.0,Female,3
467.0,Samsung Galaxy S21,Android,,7.3,2349.0,75,1092,51.0,Male,4
468.0,Google Pixel 5,Android,238.0,4.0,1414.0,47,661,41.0,Female,3
,Xiaomi Mi 11,Android,429.0,7.5,1921.0,61,1102,46.0,Male,4
470.0,Xiaomi Mi 11,Android,39.0,1.9,541.0,16,294,37.0,Male,1
471.0,Samsung Galaxy S21,Android,248.0,4.6,1396.0,52,883,40.0,Male,3
472.0,Xiaomi Mi 11,,541.0,9.4,2452.0,93,1811,53.0,Female,5
473.0,Xiaomi Mi 11,,139.0,3.0,697.0,37,513,26.0,Female,2
474.0,iPhone 12,iOS,6069.0,5.0,1625.0,45,687,29.0,Male,3
475.0,Xiaomi Mi 11,Android,,4.9,1657.0,55,765,49.0,Female,3
476.0,Samsung Galaxy S21,Android,412.0,6.2,2201.0,68,1085,54.0,Female,4
477.0,Google Pixel 5,Android,318.0,,2089.0,77,1126,49.0,Female,4
478.0,iPhone 12,iOS,258.0,4.2,1315.0,44,762,59.0,Female,3
479.0,,Android,258.0,4.3,1759.0,59,718,41.0,Female,3
480.0,Samsung Galaxy S21,Android,189.0,4.8,1681.0,59,795,57.0,Male,3
481.0,iPhone 12,iOS,155.0,2.4,954.0,39,441,51.0,Male,2
482.0,Samsung Galaxy S21,Android,528.0,10.4,2717.0,87,2140,34.0,Male,5
483.0,iPhone 12,iOS,549.0,11.1,2851.0,87,1814,56.0,Male,5
484.0,Xiaomi Mi 11,Android,78.0,1.6,470.0,18,230,49.0,Female,1
485.0,iPhone 12,iOS,444.0,6.0,1873.0,61,1093,39.0,Female,4
486.0,Xiaomi Mi 11,Android,80.0,1.1,417.0,18,298,36.0,Male,1
487.0,iPhone 12,iOS,131.0,,739.0,34,330,57.0,Female,2
488.0,iPhone 12,iOS,228.0,4.4,1734.0,46,804,57.0,Female,3
489.0,Xiaomi Mi 11,Android,416.0,7.3,1882.0,62,1333,32.0,Female,4
490.0,Google Pixel 5,Android,586.0,9.3,2403.0,94,2332,21.0,Male,5
491.0,Google Pixel 5,,416.0,6.1,2279.0,71,1096,47.0,Male,4
492.0,iPhone 12,iOS,152.0,3.7,948.0,22,507,53.0,Female,2
493.0,Xiaomi Mi 11,Android,87.0,1.5,594.0,19,198,36.0,Female,1
494.0,OnePlus 9,Android,329.0,6.8,1892.0,69,1383,23.0,Male,4
495.0,Samsung Galaxy S21,Android,107.0,2.5,1176.0,24,20710,29.0,Female,2
496.0,Google Pixel 5,Android,493.0,10.9,2928.0,88,2116,57.0,Male,5
497.0,,iOS,182.0,4.8,1500.0,51,807,43.0,Female,3
498.0,iPhone 12,iOS,102.0,2.9,918.0,37,362,20.0,Female,2
499.0,Google Pixel 5,Android,274.0,4.5,1356.0,54,869,53.0,Male,3
500.0,iPhone 12,iOS,143.0,3.6,988.0,26,504,45.0,Female,2
501.0,Google Pixel 5,Android,66.0,1.3,369.0,14,195,32.0,Male,1
502.0,Xiaomi Mi 11,Android,420.0,7.7,2017.0,74,1187,24.0,Female,4
503.0,Xiaomi Mi 11,Android,582.0,8.4,2664.0,91,2493,55.0,Female,5
504.0,Google Pixel 5,Android,200.0,5.8,1291.0,50,965,52.0,Male,3
505.0,Google Pixel 5,Android,493.0,8.5,2859.0,99,2450,47.0,Male,5
506.0,Samsung Galaxy S21,Android,348.0,6.6,2398.0,66,1415,49.0,Female,4
507.0,Xiaomi Mi 11,Android,238.0,5.1,1408.0,45,941,27.0,Male,3
508.0,Xiaomi Mi 11,,33.0,2.0,318.0,11,173,42.0,Female,1
509.0,Google Pixel 5,Android,267.0,5.9,1740.0,45,791,22.0,Male,3
510.0,iPhone 12,iOS,492.0,10.0,2513.0,90,1968,31.0,Male,390
511.0,Google Pixel 5,Android,241.0,5.3,1767.0,58,976,38.0,Female,3
512.0,Samsung Galaxy S21,Android,567.0,10.8,2911.0,89,1682,39.0,Male,5
513.0,Samsung Galaxy S21,Android,36.0,1.6,442.0,17,249,34.0,Male,1
514.0,OnePlus 9,Android,110.0,3.4,975.0,31,507,57.0,Female,2
,Samsung Galaxy S21,Android,466.0,7.1,1984.0,73,1461,54.0,Male,4
516.0,OnePlus 9,Android,126.0,2.2,1187.0,28,599,25.0,Male,2
517.0,Xiaomi Mi 11,Android,120.0,3.8,940.0,36,535,44.0,Male,2
518.0,iPhone 12,iOS,64.0,1.2,592.0,19,218,25.0,Male,1
519.0,OnePlus 9,Android,574.0,8.5,2780.0,87,1809,34.0,Female,5
520.0,OnePlus 9,Android,119.0,2.2,1123.0,22,371,51.0,Male,156
521.0,OnePlus 9,Android,350.0,6.5,2364.0,75,1485,20.0,Male,4
522.0,Google Pixel 5,Android,69.0,1.1,535.0,17,9500,25.0,Male,1
523.0,Xiaomi Mi 11,Android,438.0,6.5,1849.0,64,1125,49.0,Female,4
524.0,Samsung Galaxy S21,Android,506.0,11.2,2623.0,98,2460,48.0,Male,5
525.0,Samsung Galaxy S21,Android,,5.2,1390.0,45,792,57.0,Female,3
526.0,Samsung Galaxy S21,Android,224.0,4.5,1646.0,57,665,59.0,Male,3
527.0,Google Pixel 5,Android,99.0,2.4,689.0,36,318,29.0,Female,2
528.0,iPhone 12,iOS,44.0,1.2,466.0,10,131,57.0,Female,1
529.0,Google Pixel 5,Android,175.0,,801.0,32,338,24.0,Male,2
530.0,Google Pixel 5,Android,228.0,4.8,1639.0,47,796,42.0,Female,3
531.0,Xiaomi Mi 11,Android,589.0,11.8,2629.0,86,2479,43.0,Female,5
532.0,OnePlus 9,Android,339.0,7.9,1987.0,66,1191,47.0,Male,4
533.0,iPhone 12,iOS,431.0,,2206.0,66,1200,23.0,Female,4
534.0,Xiaomi Mi 11,Android,190.0,4.7,1276.0,57,915,22.0,Female,3
535.0,OnePlus 9,Android,389.0,6.1,2087.0,67,1383,30.0,Male,4
536.0,Samsung Galaxy S21,Android,139.0,3.3,937.0,24,573,25.0,Female,2
537.0,Samsung Galaxy S21,Android,289.0,5.9,1528.0,48,915,30.0,Male,3
538.0,Samsung Galaxy S21,Android,593.0,11.1,2672.0,82,2258,34.0,Female,5
539.0,,Android,576.0,9.5,2638.0,98,2281,38.0,Female,5
540.0,OnePlus 9,Android,592.0,9.4,2867.0,95,1701,27.0,Female,5
541.0,iPhone 12,iOS,567.0,10.5,2817.0,89,2194,52.0,Male,5
542.0,iPhone 12,iOS,170.0,2.5,740.0,21,537,25.0,Female,2
543.0,Google Pixel 5,Android,242.0,5.4,1307.0,48,642,28.0,Male,3
544.0,Samsung Galaxy S21,Android,275.0,5.5,1616.0,48,656,55.0,Male,3
545.0,Google Pixel 5,Android,544.0,9.7,2633.0,97,1727,28.0,Female,5
546.0,OnePlus 9,Android,50.0,2.0,362.0,17,182,34.0,Female,1
547.0,OnePlus 9,Android,236.0,4.6,1750.0,45,971,21.0,Female,3
548.0,iPhone 12,iOS,139.0,2.6,658.0,33,358,58.0,Female,2
549.0,Google Pixel 5,Android,383.0,6.6,2155.0,74,1360,45.0,Male,4
550.0,Samsung Galaxy S21,Android,172.0,4.0,1047.0,32,508,21.0,Female,2
551.0,Xiaomi Mi 11,Android,455.0,6.2,1984.0,72,1287,42.0,Male,4
552.0,Samsung Galaxy S21,Android,157.0,2.5,1110.0,30,373,37.0,Female,2
553.0,iPhone 12,iOS,173.0,3.8,605.0,23,583,32.0,Male,2
554.0,Samsung Galaxy S21,Android,405.0,7.3,2082.0,75,1162,37.0,Female,4
555.0,iPhone 12,iOS,387.0,6.6,2168.0,61,1246,19.0,Female,4
556.0,,Android,201.0,4.9,1633.0,41,972,32.0,Female,3
557.0,iPhone 12,iOS,142.0,3.5,625.0,25,370,40.0,Female,2
558.0,Samsung Galaxy S21,Android,198.0,4.2,1392.0,43,640,27.0,Male,3
559.0,Google Pixel 5,Android,361.0,7.6,2037.0,65,1056,55.0,Male,4
560.0,OnePlus 9,Android,553.0,11.6,2914.0,81,1860,47.0,Male,5
561.0,Samsung Galaxy S21,Android,408.0,6.2,2245.0,69,1103,38.0,Female,4
562.0,Xiaomi Mi 11,Android,121.0,,1188.0,21,578,18.0,Male,2
563.0,Google Pixel 5,Android,71.0,1.4,508.0,15,265,33.0,Female,1
564.0,iPhone 12,iOS,46.0,1.6,440.0,10,265,31.0,Male,1
565.0,Xiaomi Mi 11,Android,290.0,4.4,1272.0,55,910,44.0,Male,3
566.0,Samsung Galaxy S21,Android,60.0,1.3,462.0,15,296,40.0,Male,1
567.0,Google Pixel 5,Android,116.0,3.9,88296.0,26,498,35.0,Female,2
568.0,OnePlus 9,Android,86.0,1.7,312.0,16,227,32.0,Male,1
569.0,Google Pixel 5,Android,291.0,5.3,1537.0,43,700,49.0,Female,3
570.0,Google Pixel 5,Android,404.0,6.6,2181.0,77,1327,18.0,Male,4
,OnePlus 9,Android,441.0,7.1,1928.0,74,1421,57.0,Male,4
,Google Pixel 5,Android,,6.1,2229.0,73,1194,25.0,Female,4
573.0,OnePlus 9,Android,211.0,5.9,1757.0,42,864,56.0,Female,3
574.0,Samsung Galaxy S21,Android,,9.1,2858.0,86,2158,22.0,Male,5
575.0,Xiaomi Mi 11,Android,519.0,10.9,2571.0,93,2163,47.0,Female,5
576.0,Samsung Galaxy S21,Android,94.0,3.5,606.0,30,446,49.0,Male,2
577.0,Google Pixel 5,Android,554.0,10.3,2776.0,83,1606,34.0,Female,5
578.0,iPhone 12,iOS,381.0,7.5,2216.0,66,1291,37.0,Female,4
,OnePlus 9,Android,257.0,6.0,1715.0,49,916,40.0,Female,3
580.0,Samsung Galaxy S21,Android,47.0,1.1,532.0,18,122,36.0,Male,1
581.0,iPhone 12,iOS,,10.0,2430.0,82,1737,27.0,Female,5
,Samsung Galaxy S21,Android,148.0,2.7,625.0,34,416,27.0,Male,2
583.0,iPhone 12,iOS,191.0,5.7,1414.0,53,991,19.0,Female,3
26864.0,Google Pixel 5,Android,71.0,1.9,571.0,10,117,43.0,Female,1
585.0,OnePlus 9,Android,73.0,1.3,538.0,19,175,30.0,Female,1
,OnePlus 9,Android,149.0,3.1,1191.0,28,563,29.0,Male,2
,Xiaomi Mi 11,Android,,4.4,1665.0,44,608,43.0,Female,3
588.0,Samsung Galaxy S21,Android,328.0,6.1,1975.0,72,1101,24.0,Male,4
589.0,OnePlus 9,Android,424.0,7.5,1995.0,75,1228,36.0,Male,4
590.0,Samsung Galaxy S21,Android,111.0,3.6,627.0,26,464,39.0,Female,2
591.0,Samsung Galaxy S21,Android,159.0,3.7,630.0,33,575,30.0,Male,2
592.0,Google Pixel 5,Android,580.0,11.5,2767.0,84,2341,36.0,Female,5
593.0,Samsung Galaxy S21,Android,379.0,7.7,1809.0,64,1050,22.0,Female,4
594.0,Samsung Galaxy S21,Android,217.0,4.2,1500.0,42,677,26.0,Female,3
595.0,Xiaomi Mi 11,Android,447.0,6.3,1959.0,63,1441,48.0,Male,4
596.0,OnePlus 9,Android,512.0,10.5,2538.0,82,1694,41.0,Male,5
597.0,Xiaomi Mi 11,Android,511.0,10.8,2529.0,91,2387,21.0,Male,5
598.0,OnePlus 9,Android,140.0,2.5,825.0,31,347,59.0,Male,2
599.0,Samsung Galaxy S21,,114.0,3.0,1131.0,31,596,28.0,Male,2
600.0,Samsung Galaxy S21,Android,192.0,4.3,1382.0,42,905,47.0,Female,3
601.0,iPhone 12,iOS,325.0,6.0,2244.0,70,1296,30.0,Female,4
,OnePlus 9,Android,83.0,1.2,545.0,15,284,44.0,Male,1
603.0,OnePlus 9,Android,122.0,3.0,922.0,32,373,43.0,Male,2
604.0,OnePlus 9,Android,138.0,2.1,660.0,22,424,41.0,Female,2
605.0,OnePlus 9,Android,,5.3,1278.0,42,885,54.0,Female,3
,OnePlus 9,Android,425.0,6.0,1928.0,72,1150,53.0,Female,4
607.0,OnePlus 9,,580.0,10.4,2496.0,81,2441,37.0,Female,5
608.0,Xiaomi Mi 11,Android,203.0,,1323.0,56,787,21.0,Male,3
609.0,Xiaomi Mi 11,Android,258.0,4.9,1596.0,56,937,40.0,Female,3
610.0,iPhone 12,iOS,551.0,8.5,2927.0,92,1901,51.0,Male,5
611.0,iPhone 12,iOS,507.0,9.6,2606.0,95,1543,48.0,Male,5
612.0,Xiaomi Mi 11,Android,57.0,,489.0,16,131,37.0,Male,1
613.0,Xiaomi Mi 11,Android,553.0,10.2,2911.0,82,2441,44.0,Male,5
614.0,Google Pixel 5,Android,49.0,1.1,395.0,16,153,46.0,Female,1
615.0,Samsung Galaxy S21,Android,106.0,4.0,1158.0,23,493,18.0,Male,2
616.0,Google Pixel 5,Android,119.0,3.7,608.0,36,461,52.0,Male,2
617.0,OnePlus 9,,288.0,5.4,1476.0,49,767,36.0,Female,3
618.0,Google Pixel 5,Android,225.0,5.6,1388.0,55,965,36.0,Female,3
619.0,OnePlus 9,Android,342.0,7.0,1826.0,71,1077,26.0,Female,4
28520.0,Samsung Galaxy S21,Android,292.0,4.2,1407.0,54,867,59.0,Male,3
621.0,iPhone 12,iOS,218.0,5.0,1475.0,46,972,59.0,Female,3
622.0,Google Pixel 5,Android,64.0,1.8,351.0,15,274,56.0,Male,1
,Xiaomi Mi 11,Android,453.0,,2363.0,65,1046,41.0,Female,4
624.0,OnePlus 9,Android,42.0,1.8,417.0,15,284,21.0,Male,1
625.0,Samsung Galaxy S21,Android,36.0,1.5,310.0,15,272,45.0,Male,1
626.0,OnePlus 9,Android,,1.8,328.0,12,196,31.0,Female,1
627.0,iPhone 12,iOS,210.0,5.0,1614.0,53,679,55.0,Female,3
628.0,iPhone 12,iOS,227.0,5.2,1446.0,46,920,59.0,Male,3
629.0,Xiaomi Mi 11,Android,47.0,1.2,437.0,18,234,55.0,Male,78
630.0,iPhone 12,,461.0,6.3,1988.0,62,1004,21.0,Male,4
631.0,Google Pixel 5,Android,94.0,3.1,1078.0,38,489,25.0,Male,2
632.0,Samsung Galaxy S21,Android,216.0,5.1,1483.0,54,977,45.0,Female,3
633.0,iPhone 12,iOS,496.0,10.2,2587.0,84,1921,56.0,Female,5
634.0,OnePlus 9,Android,138.0,3.2,1142.0,31,366,29.0,Female,2
635.0,iPhone 12,iOS,318.0,6.6,2055.0,67,1253,43.0,Male,4
636.0,Samsung Galaxy S21,Android,96.0,3.4,1198.0,39,401,48.0,Female,2
637.0,OnePlus 9,Android,510.0,10.7,2433.0,90,1729,47.0,Male,5
638.0,Xiaomi Mi 11,Android,83.0,1.1,546.0,10,289,32.0,Female,1
639.0,Google Pixel 5,Android,417.0,6.2,2074.0,63,1135,35.0,Female,4
640.0,Google Pixel 5,Android,538.0,9.8,2778.0,91,2080,35.0,Female,5
641.0,Samsung Galaxy S21,Android,63.0,1.8,321.0,11,271,42.0,Male,1
642.0,OnePlus 9,Android,50.0,1.4,443.0,16,255,26.0,Female,1
643.0,Google Pixel 5,Android,502.0,8.2,2597.0,4050,1553,27.0,Male,5
644.0,OnePlus 9,,105.0,3.3,723.0,35,566,46.0,Male,2
645.0,Google Pixel 5,Android,186.0,4.8,1494.0,53,949,20.0,Female,3
646.0,Xiaomi Mi 11,Android,174.0,2.9,1197.0,23,345,20.0,Female,2
647.0,Samsung Galaxy S21,Android,89.0,1.3,314.0,16,201,58.0,Female,1
648.0,iPhone 12,iOS,66.0,1.5,565.0,17,283,42.0,Female,1
649.0,iPhone 12,iOS,389.0,6.3,2294.0,76,1334,53.0,Male,4
650.0,Xiaomi Mi 11,Android,186.0,5.4,1627.0,58,790,31.0,Female,3
651.0,Google Pixel 5,Android,149.0,2.0,1041.0,39,356,49.0,Male,2
652.0,iPhone 12,iOS,69.0,1.7,519.0,10,167,51.0,Female,1
653.0,Xiaomi Mi 11,Android,206.0,5.2,1632.0,47,694,30.0,Male,3
654.0,Samsung Galaxy S21,Android,49.0,1.2,365.0,19,144,29.0,Male,1
655.0,Google Pixel 5,Android,594.0,10.5,2839.0,91,1647,56.0,Male,5
656.0,Google Pixel 5,Android,104.0,3.7,1028.0,29,493,39.0,Male,2
657.0,Google Pixel 5,Android,262.0,5.6,1489.0,59,628,54.0,Female,3
658.0,Xiaomi Mi 11,Android,278.0,5.3,1368.0,56,894,40.0,Female,3
659.0,Xiaomi Mi 11,Android,463.0,6.8,2358.0,68,1236,43.0,Female,4
660.0,Xiaomi Mi 11,Android,505.0,9.6,2464.0,91,2375,35.0,Male,5
661.0,Google Pixel 5,Android,50.0,1.5,387.0,12,146,59.0,Male,1
662.0,Xiaomi Mi 11,Android,138.0,3.1,947.0,29,545,48.0,Male,2
663.0,Xiaomi Mi 11,Android,130.0,3.2,1189.0,37,448,45.0,Male,2
664.0,Google Pixel 5,Android,469.0,6.4,1858.0,78,1297,55.0,Female,4
665.0,Xiaomi Mi 11,Android,555.0,10.3,2568.0,83,2003,52.0,Male,5
666.0,iPhone 12,iOS,,5.4,1544.0,53,635,53.0,Male,3
667.0,Samsung Galaxy S21,,529.0,11.4,2891.0,82,1845,46.0,Male,5
668.0,Samsung Galaxy S21,Android,205.0,5.5,1699.0,49,729,36.0,Male,3
669.0,iPhone 12,iOS,170.0,2.4,1039.0,38,334,23.0,Male,2
670.0,Samsung Galaxy S21,Android,160.0,3.2,648.0,31,339,27.0,Female,2
671.0,iPhone 12,iOS,81.0,1.6,387.0,13,224,48.0,Male,1
672.0,Google Pixel 5,Android,,7.3,1937.0,64,1209,22.0,Male,4
673.0,Xiaomi Mi 11,Android,500.0,11.2,2925.0,84,2438,27.0,Male,5
674.0,Google Pixel 5,Android,37.0,1.6,490.0,18,216,52.0,Male,1
675.0,Xiaomi Mi 11,Android,522.0,11.4,2776.0,93,1768,27.0,Female,5
676.0,Xiaomi Mi 11,Android,81.0,1.5,545.0,17,159,40.0,Male,1
677.0,OnePlus 9,Android,141.0,3.8,689.0,38,576,34.0,Male,2
678.0,Samsung Galaxy S21,Android,115.0,3.5,706.0,26,495,52.0,Female,2
679.0,Google Pixel 5,Android,298.0,4.6,1525.0,59,814,36.0,Female,3
680.0,iPhone 12,iOS,33.0,,334.0,16,113,36.0,Female,1
681.0,Google Pixel 5,Android,307.0,6.1,2105.0,76,1111,25.0,Female,4
682.0,Xiaomi Mi 11,Android,380.0,7.6,2354.0,77,1191,30.0,Male,4
683.0,,Android,190.0,5.5,1718.0,58,815,42.0,Male,3
684.0,Samsung Galaxy S21,Android,75.0,1.6,325.0,12,225,45.0,Male,1
685.0,Google Pixel 5,,218.0,4.0,1221.0,47,822,25.0,Male,3
686.0,Xiaomi Mi 11,Android,412.0,6.6,1859.0,67,1393,18.0,Male,4
687.0,Google Pixel 5,,335.0,7.7,2037.0,68,1007,18.0,Male,4
688.0,OnePlus 9,Android,387.0,6.3,2098.0,61,1178,54.0,Male,4
689.0,Google Pixel 5,Android,261.0,4.9,1589.0,56,824,52.0,Female,3
,Samsung Galaxy S21,Android,541.0,9.5,2424.0,98,1550,32.0,Male,5
691.0,Google Pixel 5,Android,195.0,5.7,1447.0,48,679,30.0,Male,3
692.0,iPhone 12,iOS,178.0,4.0,856.0,37,569,51.0,Female,2
31878.0,Xiaomi Mi 11,Android,378.0,180.9,1898.0,78,1455,48.0,Female,4
694.0,Xiaomi Mi 11,,505.0,8.6,2792.0,82,1709,31.0,Male,5
695.0,Samsung Galaxy S21,Android,564.0,9.7,2422.0,83,1985,34.0,Female,5
696.0,iPhone 12,iOS,92.0,3.9,1082.0,26,381,22.0,Male,2
697.0,Xiaomi Mi 11,Android,316.0,6.8,1965.0,68,1201,59.0,Male,4
698.0,Google Pixel 5,Android,99.0,3.1,942.0,22,457,50.0,Female,2
699.0,Samsung Galaxy S21,Android,62.0,1.7,431.0,13,224,44.0,Male,1
,OnePlus 9,Android,212.0,5.4,1306.0,49,828,23.0,Female,3
159.0,Samsung Galaxy S21,Android,304.0,6.5,2375.0,79,1493,51.0,Male,4
501.0,Google Pixel 5,Android,66.0,1.3,369.0,14,195,32.0,Male,1
397.0,Xiaomi Mi 11,Android,78.0,1.1,437.0,14,143,27.0,Female,1
156.0,Xiaomi Mi 11,Android,158.0,,893.0,36,493,32.0,Male,2
,Google Pixel 5,Android,274.0,6.0,1489.0,56,666,57.0,Female,3
213.0,Samsung Galaxy S21,Android,133.0,3.4,714.0,38,445,25.0,Male,2
235.0,iPhone 12,iOS,,,636.0,28,529,53.0,Male,2
290.0,Google Pixel 5,Android,84.0,1.2,415.0,10,146,50.0,Male,1
301.0,Xiaomi Mi 11,Android,420.0,6.5,2113.0,65,1314,35.0,Male,4
,iPhone 12,iOS,291.0,4.1,1326.0,51,905,55.0,Female,3
674.0,Google Pixel 5,Android,37.0,1.6,490.0,18,216,52.0,Male,1
329.0,OnePlus 9,Android,88.0,1.6,420.0,12,274,31.0,Female,1
200.0,Xiaomi Mi 11,Android,126.0,2.8,971.0,32,431,35.0,Female,2
79.0,Samsung Galaxy S21,Android,78.0,1.8,333.0,17,138,51.0,Female,1
600.0,Samsung Galaxy S21,Android,192.0,4.3,1382.0,42,905,47.0,Female,3
,OnePlus 9,Android,441.0,7.1,1928.0,74,1421,57.0,Male,4
447.0,OnePlus 9,Android,546.0,8.8,2852.0,81,1641,24.0,Male,5
508.0,Xiaomi Mi 11,,33.0,2.0,318.0,11,173,42.0,Female,1
628.0,iPhone 12,iOS,227.0,5.2,1446.0,46,920,59.0,Male,3
500.0,iPhone 12,iOS,143.0,3.6,988.0,26,504,45.0,Female,2
